,topic,number
0,سخن مدیر سایت,805
1,هرکس می تونه صحبت کنه درباره,99
2,آمادگی و اقدام برای بارداری,187776
3,تخمک گذاری و احتمال بارداری,26569
4,علائم بارداری و تشخیص حاملگی,31949
5,مشاوره ژنتیک و اقدامات پزشکی پیش از بارداری,2245
6,ناباروری، تجربیات درمانی، مشکلات روحی و روانی ناشی از ناباروری,58974
7,سلامت و تغذیه قبل از بارداری,8224
8,سایر موضوعات پیش از بارداری,22216
9,روشهای جلوگیری از بارداری,5159
10,پدران آینده,2362
11,رشد و تکامل کودک,17683
12,تغذیه، شیر دهی و شیر مادر,51789
13,نقاهت پس از زایمان,4254
14,زیبایی و تناسب اندام پس از زایمان,1890
15,بیماریهای کودک,5689
16,مراقبت و نگهداری از کودک,5596
17,متفرقه,4890
18,مشکلات خواب,1000
19,نوزاد و مراقبت از آن (بلافاصله پس از تولد تا یک ماهگی),10540
20,مشاوره حقوقی,10243
21,مشاوره برای سفر در داخل ایران,8578
22,مشاوره تغذیه,22470
23,مشاوره روانشناسی,70446
24,مشاوره پزشکی,77028
25,مشاوره برای سفر به خارج ایران,3944
26,رشد و تکامل جنین و سیر بارداری,100011
27,افزایش وزن، تناسب اندام و زیبایی در بارداری,4668
28,از دست دادن جنین و سوگ,7699
29,آیا خطرناک است اگر ...,20244
30,مشکلات شایع، عوارض و بیماریها در بارداری,25544
31,زایمان و تولد,62387
32,نوزاد و مراقبت از آن (بلافاصله پس از تولد تا یک ماهگی),2457
33,روابط عاطفی و جنسی در بارداری,1964
34,تغذیه در بارداری,4771
35,سایر موضوعات,45999
36,رشد و تکامل کودک در سال دوم زندگی,4572
37,تغذیه کودک,9698
38,بیماریهای کودک,15367
39,مراقبت و نگهداری از کودک,13295
40,مسائل رفتاری و سلامت روانی کودک,4219
41,آرایش و زیبائی,107190
42,دستور ات آشپزی، کافی و شیرینیجات,50512
43,ورزش و تناسب اندام,38223
44,مدیریت خانه (طراحی داخلی - خانه داری),61795
45,راهنمای کار با نرم افزار، سخت افزار و اینترنت,14226
46,آموزش، اشتغال، کارآفرینی و فرصت های شغلی,46472
47,تالار تبریک تولد کاربرها و نی نی ها,16359
48,حیوانات و گل و گیاه خانگی,9941
49,محیط زیست و زندگی سالم,65373
50,دنیای مد و لباس,23990
51,بیماریهای کودکان,6939
52,مسائل رفتاری و سلامت روانی,13663
53,تغذیه در کودکان,2513
54,رشد و تکامل کودک,14404
55,خاطرات آشنائی,23366
56,نامزدی,33170
57,عروسی و زندگی مشترک,97735
58,جهیزیه و مقدمات ازدواج,18243
59,همسران,92724
60,بستگان - دوستان,45026
61,طرح مسئله - راه حل,138860
62,متولدین 1382 (بر حسب ماه تولد),735
63,متولدین 1383 (بر حسب ماه تولد),408
64,متولدین 1385 (بر حسب ماه تولد),580
65,متولدین 1386 (بر حسب ماه تولد),517
66,متولدین 1387 (بر حسب ماه تولد),528
67,متولدین 1388 (بر حسب ماه تولد),620
68,متولدین  1389(برحسب ماه تولد),675
69,متولدین 1390(برحسب ماه تولد),896
70,متولدین 1391(برحسب ماه تولد),586
71,متولدین 1392(برحسب ماه تولد),631
72,متولدین 1393(برحسب ماه تولد),865
73,متولدین 1381 (بر حسب ماه تولد),924
74,متولدین 1394 (بر حسب ماه تولد),1087
75,متولدین 1395 (بر حسب ماه تولد),599
76,متولدین 1396 (بر حسب ماه تولد),195
77,متولدین 1397 (بر حسب ماه تولد),130
78,متولدین 1398 (بر حسب ماه تولد),69
79,آگاهی از بارداری و خوش خبری!,23306
80,تهیه لوازم و انتخاب نام کودک,22442
81,سلامت عمومی، ورزش، تغذیه، تناسب اندام، زیبایی و آراستگی در بارداری,11238
82,سلامت روانی، خواب، روابط عاطفی و جنسی در بارداری,3862
83,کار و سفر در بارداری,1851
84,مشکلات، بیماریها و عوارض بارداری و تجربیات مقابله یا تسکین آنها,15454
85,زایمان و تولد نوزاد,20285
86,بارداری ناخواسته، سقط و واکنشهای روحی و روانی از دست دادن جنین,4759
87,سایر موضوعات در بارداری,38662
88,پدران آینده,756
89,بارداری دو یا چند قلویی,2851
90,مشکلات و بیماریهای جنین,7240
91,روزهای بعد از زایمان و ورود نوزاد,11152
92,شیر و شیردهی، غذای کمکی شیرخواران، تغذیه و آشپزی برای کودکان,25356
93,مراقبت و نگهداری از نوزاد و کودک(ماندن در خانه، پرستار، مهد کودک و ...),7804
94,سلامت عمومی، ورزش، تغذیه، تناسب اندام، زیبایی و آراستگی والدین بعد از ورود کودک,5217
95,سلامت روانی، خواب، روابط عاطفی و جنسی والدین بعد از ورود کودک,2282
96,سلامت عمومی، بیماریها و تجربیات درمانی، پرستاری و مراقبت از کودک بیمار,21809
97,سلامت روانی، مشکلات رفتاری و خواب، تربیت و آموزش کودک,7909
98,برنامه های خانواده، شغل، تحصیلات، مسائل مالی و هزینه ها پس از ورود کودک,2448
99,از دست دادن فرزند یا فرد دیگر در خانواده و مسائل روحی و روانی ناشی از سوگ,630
100,بازیها و سرگرمیها,3413
101,جشن ها، مراسم و مناسک خانوادگی و اجتماعی,5792
102,سایر موضوعات مربوط به والدین و کودک,11192
103,پدران,699
104,والدین و کودکان دو یا چند قلو,674
105,آموزش: مدرسه، مهدکودک و کارگاه,4594
106,کتاب و مالتی مدیا,481
107,کتاب و کتابخوانی,7212
108,ادبیات و هنر,8181
109,رویداد - جامعه,3907
110,سینما تلویزیون,4360
111,موسیقی,2645
112,تهران و حومه (بر حسب منطقه یا خیابان اصلی),5368
113,گفتگو در مورد موضوعات مذهبی,14382
114,بحث های شرعی و رساله ای,3579
115,مناسبتهای مذهبی,9355
116,فلسفه - عرفان,6471
117,دعا و مناجات,43899
118,گروههای قومی (بر حسب نام قوم یا طایفه),2839
119,گروهها و اقلیت های دینی (بر حسب نام دین یا مذهب),3869
120,خاطره، عکس و عکاسان کودک,8894
121,راهنمای فعالیت در نی نی سایت,20091
122,درد دل,456278
123,عمومی,2432328
124,خنده و سرگرمی,97378
125,مسابقات عکس نی نی سایت,3299
126,انباری!,25181
127,پوشاک,32488
128,لوازم خانگی,8690
129,لوازم تزئینی,6742
130,لوازم اتاق کودک و نوجوان,2134
131,لوازم سیسمونی,5880
132,اسباب بازی,1705
133,آموزش و سرگرمی,3481
134,خدمات پزشکی و بهداشتی,5039
135,خدمات جشن,2286
136,لوازم بارداری,918
137,خودرو,1065
138,کیک، شیرینی و انواع مواد غذائی,6261
139,رهن، اجاره، خرید و فروش ملک,2058
140,کامپیوتر و موبایل,1123
141,آرایش و زیبایی,4538
142,فروش کارهای هنری و دستی,6023
